Feature,Importance
fixation_durations,0.2149570254831697
blink_rate,0.05831966484187769
saccade_peak_speeds,0.056337724880195124
saccade_speeds,0.05488125315171838
fixation_nums,0.05449206406985421
lhipas,0.006195455984304773
ipas,0.005904350787405081
