{
  "task2": {
    "Logistic Regression": {
      "C": 0.31846816717563103
    },
    "SVM": {
      "C": 0.0745934328572655
    },
    "Random Forest": {
      "n_estimators": 150,
      "max_depth": 15,
      "min_samples_split": 15,
      "min_samples_leaf": 6,
      "max_features": "sqrt"
    },
    "KNN": {
      "n_neighbors": 3,
      "weights": "distance",
      "p": 1
    },
    "XGBoost": {
      "n_estimators": 100,
      "max_depth": 10,
      "learning_rate": 0.24659691172104828,
      "subsample": 0.9041986740582306,
      "colsample_bytree": 0.6523068845866853,
      "min_child_weight": 1,
      "reg_alpha": 0.5456725485601477,
      "reg_lambda": 0.057624872164786026
    }
  }
}