Feature,Importance
fixation_durations,0.26132542612728726
fixation_nums,0.05781435590305353
blink_rate,0.05474760238266181
saccade_peak_speeds,0.038246100247361255
saccade_speeds,0.03342210242810898
lhipas,0.0061167183467612535
ipas,0.004545125036515298
