Feature,Importance
fixation_durations,0.27081493469410856
blink_rate,0.0545875298446002
fixation_nums,0.05435342245175342
saccade_speeds,0.03513979192025066
saccade_peak_speeds,0.03288386871220929
lhipas,0.005530169838692079
ipas,0.004336766566415907
