Feature,Importance
fixation_durations,0.22618362796744743
blink_rate,0.07335273438391529
saccade_speeds,0.05008549079110819
saccade_peak_speeds,0.04931507101108987
fixation_nums,0.04834564965123377
ipas,0.006462286325886205
lhipas,0.005903750731613202
